iso_week,week_start,velocity,cumulative,velocity_rolling_4w
2025-W36,2025-09-01,0,0,0.0
2025-W37,2025-09-08,0,0,0.0
2025-W38,2025-09-15,0,0,0.0
2025-W39,2025-09-22,1,1,0.25
2025-W40,2025-09-29,0,1,0.25
2025-W41,2025-10-06,0,1,0.25
2025-W42,2025-10-13,0,1,0.25
2025-W43,2025-10-20,0,1,0.0
2025-W44,2025-10-27,1,2,0.25
2025-W45,2025-11-03,1,3,0.5
2025-W46,2025-11-10,0,3,0.5
2025-W47,2025-11-17,0,3,0.5
2025-W48,2025-11-24,0,3,0.25
2025-W49,2025-12-01,0,3,0.0
2025-W50,2025-12-08,0,3,0.0
2025-W51,2025-12-15,3,6,0.75
2025-W52,2025-12-22,2,8,1.25
2026-W01,2025-12-29,1,9,1.5
2026-W02,2026-01-05,3,12,2.25
2026-W03,2026-01-12,0,12,1.5
2026-W04,2026-01-19,4,16,2.0
2026-W05,2026-01-26,1,17,2.0
2026-W06,2026-02-02,45,62,12.5
2026-W07,2026-02-09,2,64,13.0
2026-W08,2026-02-16,27,91,18.75
2026-W09,2026-02-23,0,91,18.5
2026-W10,2026-03-02,0,91,7.25
2026-W11,2026-03-09,0,91,6.75
2026-W12,2026-03-16,0,91,0.0
2026-W13,2026-03-23,0,91,0.0
2026-W14,2026-03-30,0,91,0.0
2026-W15,2026-04-06,0,91,0.0
2026-W16,2026-04-13,5,96,1.25
2026-W17,2026-04-20,2,98,1.75
2026-W18,2026-04-27,2,100,2.25
2026-W19,2026-05-04,2,102,2.75
2026-W20,2026-05-11,1,103,1.75
2026-W21,2026-05-18,0,103,1.25
2026-W22,2026-05-25,3,106,1.5
2026-W23,2026-06-01,3,109,1.75
2026-W24,2026-06-08,14,123,5.0
2026-W25,2026-06-15,5,128,6.25
2026-W26,2026-06-22,0,128,5.5
2026-W27,2026-06-29,0,128,4.75
2026-W28,2026-07-06,0,128,1.25
2026-W29,2026-07-13,0,128,0.0
2026-W30,2026-07-20,0,128,0.0
2026-W31,2026-07-27,0,128,0.0
2026-W32,2026-08-03,0,128,0.0
2026-W33,2026-08-10,0,128,0.0
2026-W34,2026-08-17,0,128,0.0
2026-W35,2026-08-24,0,128,0.0
2026-W36,2026-08-31,0,128,0.0
