week_start,iso_week,forecast_point,forecast_lower_80,forecast_upper_80
2026-09-07,2026-W37,1.883700413438115,0.0,9.392706316394905
2026-09-14,2026-W38,1.883700413438115,0.0,9.392706316394905
2026-09-21,2026-W39,1.883700413438115,0.0,9.392706316394905
2026-09-28,2026-W40,1.883700413438115,0.0,9.392706316394905
2026-10-05,2026-W41,1.883700413438115,0.0,9.392706316394905
2026-10-12,2026-W42,1.883700413438115,0.0,9.392706316394905
2026-10-19,2026-W43,1.883700413438115,0.0,9.392706316394905
2026-10-26,2026-W44,1.883700413438115,0.0,9.392706316394905
2026-11-02,2026-W45,1.883700413438115,0.0,9.392706316394905
2026-11-09,2026-W46,1.883700413438115,0.0,9.392706316394905
2026-11-16,2026-W47,1.883700413438115,0.0,9.392706316394905
2026-11-23,2026-W48,1.883700413438115,0.0,9.392706316394905
